<core:FragmentDefinition xmlns="sap.m" xmlns:core="sap.ui.core">
	<Dialog horizontalScrolling="false" id="idDConfirmation" showHeader="true" stretch="false" title="{i18n>ConfirmationDialog_Title}"
		type="Standard" verticalScrolling="false">
		<content>
			<VBox class="sapUiSmallMargin">
				<VBox>
					<Label text="{i18n>ConfirmationDialog_TLine1Begin}" class="bigLabel" wrapping="true"/>
					<FlexBox class="sapUiSmallMarginBottom" alignItems="Center" justifyContent="Center">
						<items>
							<Label text="{i18n>ConfirmationDialog_TLine1MiddleRed} {StorBinsrc}" class="bigLabelRed sapUiSmallMarginBegin sapUiSmallMarginEnd"/>
							<Label text="{i18n>ConfirmationDialog_TLine1End}" class="bigLabel"/>
						</items>
					</FlexBox>
				</VBox>
				<Label text="{i18n>ConfirmationDialog_TLine2}" class="bigLabel" wrapping="true"/>
			</VBox>
		</content>
		<beginButton>
			<Button id="idBConfirmationDialogOK" press="onConfirmationDialogOKPress" text="{i18n>ConfirmationDialog_OK}"/>
		</beginButton>
		<endButton>
			<Button id="idBConfirmationDialogCancel" press="onBConfirmationDialogCancelPress" text="{i18n>ConfirmationDialog_Cancel}"/>
		</endButton>
	</Dialog>
</core:FragmentDefinition>