<core:FragmentDefinition xmlns="sap.m" xmlns:core="sap.ui.core" xmlns:form="sap.ui.layout.form" xmlns:l="sap.ui.layout">
	<FlexBox alignItems="Center" justifyContent="Center">
		<items>
			<VBox>
				<Panel width="auto" class="sapUiResponsiveMargin">
					<headerToolbar>
						<Toolbar height="3rem">
							<Title text="{i18n>CheckerSignature_Title}"/>
						</Toolbar>
					</headerToolbar>
					<content>
						<l:VerticalLayout class="sapUiTinyMargin">
							<Image id="idISignatureChecker" src="" width="320px" height="192px">
								<layoutData>
									<FlexItemData growFactor="1"/>
								</layoutData>
							</Image>
							<FlexBox alignItems="End" justifyContent="End">
								<items>
									<Button id="idBSignatureChecker" press="onBSignatureCheckerPress" text="{i18n>CheckerSignature_Button}" icon="sap-icon://signature"
										class="sapUiSmallMarginTop"/>
								</items>
							</FlexBox>
						</l:VerticalLayout>
					</content>
				</Panel>
				<Panel width="auto" class="sapUiResponsiveMargin">
					<headerToolbar>
						<Toolbar height="3rem">
							<Title text="{i18n>DriverSignature_Title}"/>
						</Toolbar>
					</headerToolbar>
					<content>
						<l:VerticalLayout class="sapUiTinyMargin">
							<Image id="idISignatureDriver" src="" width="320px" height="192px">
								<layoutData>
									<FlexItemData growFactor="1"/>
								</layoutData>
							</Image>
							<FlexBox alignItems="End" justifyContent="End">
								<items>
									<Button id="idBSignatureDriver" press="onBSignatureDriverPress" text="{i18n>DriverSignature_Button}" icon="sap-icon://signature"
										class="sapUiSmallMarginTop"/>
								</items>
							</FlexBox>
						</l:VerticalLayout>
					</content>
				</Panel>
			</VBox>
		</items>
	</FlexBox>
</core:FragmentDefinition>