{
	"YOShunt": [{
		"YOId": "400543",
		"Status": "pending",
		"Urgent": false,
		"Time": "09:56",
		"TUName": "Trailer",
		"LicencePlate": "TO-1245",
		"FromLocation": "Park 56",
		"ToLocation": "Door 1",
		"Mafi": "Mafi 1"
	}, {
		"YOId": "400343",
		"Status": "pending",
		"Urgent": false,
		"Time": "10:00",
		"TUName": "Trailer",
		"LicencePlate": "HO-2203",
		"FromLocation": "Park 106",
		"ToLocation": "Door 3",
		"Mafi": "Mafi 1"
	}, {
		"YOId": "400356",
		"Status": "started",
		"Urgent": true,
		"Time": "10:07",
		"TUName": "Trailer",
		"LicencePlate": "HY-4167",
		"FromLocation": "Park 97",
		"ToLocation": "Door 12",
		"Mafi": "Mafi 1"
	}, {
		"YOId": "400453",
		"Status": "pending",
		"Urgent": true,
		"Time": "10:32",
		"TUName": "Trailer",
		"LicencePlate": "AH-8232",
		"FromLocation": "Door 8",
		"ToLocation": "Park 67",
		"Mafi": "Mafi 1"
	}, {
		"YOId": "400623",
		"Status": "done",
		"Urgent": false,
		"Time": "11:12",
		"TUName": "Trailer",
		"LicencePlate": "AY-732A",
		"FromLocation": "Park 262",
		"ToLocation": "Park 12",
		"Mafi": "Mafi 1"
	}, {
		"YOId": "4003643",
		"Status": "pending",
		"Urgent": false,
		"Time": "10:12",
		"TUName": "Trailer",
		"LicencePlate": "AY-1234",
		"FromLocation": "Park 12",
		"ToLocation": "Park 17",
		"Mafi": "Mafi 2"
	}, {
		"YOId": "4005566",
		"Status": "pending",
		"Urgent": false,
		"Time": "13:12",
		"TUName": "Trailer",
		"LicencePlate": "AY-4547",
		"FromLocation": "Door 7",
		"ToLocation": "Park 17",
		"Mafi": "Mafi 2"
	}, {
		"YOId": "4007978",
		"Status": "pending",
		"Urgent": false,
		"Time": "14:30",
		"TUName": "Trailer",
		"LicencePlate": "AW-7973",
		"FromLocation": "Park 23",
		"ToLocation": "Door 4",
		"Mafi": "Mafi 2"
	}, {
		"YOId": "400456456",
		"Status": "pending",
		"Urgent": false,
		"Time": "11:30",
		"TUName": "Trailer",
		"LicencePlate": "AF-3533",
		"FromLocation": "Park 45",
		"ToLocation": "Door 8",
		"Mafi": "Mafi 3"
	}],
	
	"Mafi": [{
		"Key": "Mafi1",
		"Name": "Mafi 1"
	}, {
		"Key": "Mafi2",
		"Name": "Mafi 2"
	}, {
		"Key": "Mafi3",
		"Name": "Mafi 3"
	}, {
		"Key": "Mafi4",
		"Name": "Mafi 4"
	}, {
		"Key": "Mafi5",
		"Name": "Mafi 5"
	}]
}