{
  "authenticationMethod": "none",
  "welcomeFile": "/index.html",
  "routes": [
    {
      "path": "/resources",
      "target": {
        "type": "service",
        "name": "sapui5",
        "entryPath": "/resources"
      },
      "description": "SAPUI5 Resources"
    },
    {
      "path": "/test-resources",
      "target": {
        "type": "service",
        "name": "sapui5",
        "entryPath": "/test-resources"
      },
      "description": "SAPUI5 Test Resources"
    },
    {
      "path": "/schaefflertheme",
      "target": {
        "type": "application",
        "name": "schaefflertheme"
      },
      "description": "Route for custom theme"
    },
    {
      "path": "/sap/opu/odata",
      "target": {
        "type": "destination",
        "name": "BMC_HA6_501",
        "entryPath": "/sap/opu/odata"
      },
      "description": "FGU GW Backend - No Auth"
    },
    {
      "path": "/sap/bc/ui5_ui5",
      "target": {
        "type": "destination",
        "name": "FGU_BACKEND_NO_AUTH",
        "entryPath": "/sap/bc/ui5_ui5"
      },
      "description": "FGU GW Backend - No Auth"
    }
  ]
}