{
    "resources": [
        {
            "name": "Component.js"
        },
        {
            "name": "manifest.json"
        },
        {
            "name": "model/TUData.json"
        },
        {
            "name": "model/models.js"
        },
        {
            "name": "util/DialogController.js"
        },
        {
            "name": "util/BaseController.js"
        },
        {
            "name": "util/Formatter.js"
        },
        {
            "name": "dialogController/MafiDialog.js"
        },
        {
            "name": "controller/ErrorHandler.js"
        },
        {
            "name": "controller/Shunting.controller.js"
        },
        {
            "name": "controller/App.controller.js"
        },
        {
            "name": "controller/Mafi.controller.js"
        },
        {
            "name": "localService/metadata.xml"
        },
        {
            "name": "i18n/i18n_de.properties",
            "raw": "i18n/i18n.properties"
        },
        {
            "name": "i18n/i18n.properties",
            "raw": "i18n/i18n.properties"
        },
        {
            "name": "image/Westernacher_Logo_transparent.gif"
        },
        {
            "name": "css/style.css"
        },
        {
            "name": "fragment/MafiDialog.fragment.xml"
        },
        {
            "name": "fragment/ConfirmationDialog.fragment.xml"
        },
        {
            "name": "fragment/BreakDialog.fragment.xml"
        },
        {
            "name": "view/App.view.xml"
        },
        {
            "name": "view/Shunting.view.xml"
        },
        {
            "name": "view/Mafi.view.xml"
        },
        {
            "name": "index.html"
        },
        {
            "name": "Component-preload.js",
            "merged": true
        },
        {
            "name": "neo-app.json"
        }
    ]
}