<core:FragmentDefinition xmlns:core="sap.ui.core" xmlns:f="sap.ui.layout.form" xmlns:l="sap.ui.layout" xmlns="sap.m">
	<Dialog horizontalScrolling="false" id="idDialogTitle" showHeader="true" stretch="false" title="Pallet label edit" type="Message"
		verticalScrolling="false">
		<content>
			<FlexBox alignItems="Center" fitContainer="true" justifyContent="Center">
				<items>
					<l:VerticalLayout >
						<SegmentedButton id="idSBDestination" width="100%" selectedKey="Park">
							<items>
								<SegmentedButtonItem id="idBPark" text="{i18n>ConfirmationDialog_Destination_Park}" press="onBParkPress" key="Park"/>
								<SegmentedButtonItem id="idBDoor" text="{i18n>ConfirmationDialog_Destination_Door}" press="onBDoorPress" key="Door"/>
							</items>
						</SegmentedButton>
						<FlexBox alignItems="Center" fitContainer="true" justifyContent="Center">
							<items>
								<Input id="idDialogInput" value="" enabled="false"/>
							</items>
						</FlexBox>
						<FlexBox alignItems="Center" fitContainer="true" justifyContent="Center">
							<items>
								<l:HorizontalLayout>
									<Button class="sapUiSmallMarginEnd" id="idBut1" press="onNumKeyboardPressed" text="1"/>
									<Button class="sapUiSmallMarginEnd" id="idBut2" press="onNumKeyboardPressed" text="2"/>
									<Button id="idBut3" press="onNumKeyboardPressed" text="3"/>
								</l:HorizontalLayout>
							</items>
						</FlexBox>
						<FlexBox alignItems="Center" fitContainer="true" justifyContent="Center">
							<items>
								<Button class="sapUiSmallMarginEnd" id="idBut4" press="onNumKeyboardPressed" text="4"/>
								<Button class="sapUiSmallMarginEnd" id="idBut5" press="onNumKeyboardPressed" text="5"/>
								<Button id="idBut6" press="onNumKeyboardPressed" text="6"/>
							</items>
						</FlexBox>
						<FlexBox alignItems="Center" fitContainer="true" justifyContent="Center">
							<items>
								<Button class="sapUiSmallMarginEnd" id="idBut7" press="onNumKeyboardPressed" text="7"/>
								<Button class="sapUiSmallMarginEnd" id="idBut8" press="onNumKeyboardPressed" text="8"/>
								<Button id="idBut9" press="onNumKeyboardPressed" text="9"/>
							</items>
						</FlexBox>
						<FlexBox alignItems="Center" fitContainer="true" justifyContent="Center">
							<items>
								<Button class="sapUiSmallMarginEnd" id="idBut0" press="onNumKeyboardPressed" text="0"/>
								<Button class="sapUiSmallMarginEnd" icon="sap-icon://sys-back" id="idButB" press="onNumKeyboardPressed" text=""/>
								<Button icon="sap-icon://sys-cancel" id="idButC" press="onNumKeyboardPressed" text=""/>
							</items>
						</FlexBox>
					</l:VerticalLayout>
				</items>
			</FlexBox>
			<FlexBox alignItems="Center" fitContainer="true" justifyContent="Center">
				<items></items>
			</FlexBox>
		</content>
		<beginButton>
			<Button icon="sap-icon://sys-cancel" press="onPressLECancel" text="{i18n>ConfirmationDialog_Cancel}"/>
		</beginButton>
		<endButton>
			<Button icon="sap-icon://accept" id="idButtonOK" press="onPressLEOK" text="{i18n>ConfirmationDialog_OK}"/>
		</endButton>
	</Dialog>
</core:FragmentDefinition>