<core:FragmentDefinition xmlns="sap.m" xmlns:core="sap.ui.core">
	<TableSelectDialog id="idTSDMafi" noDataText="No Data" title="{i18n>MafiDialog_Title}" search="onMafiDialogSearch"
		confirm="onMafiDialogSearchConfirm" items="{ path : '/Mafi', sorter : { path : 'Name', descending : false } }">
		<ColumnListItem>
			<cells>
				<ObjectIdentifier title  ="{Name}" class="myDialogTabelFontSize"/>
			</cells>
		</ColumnListItem>
		<columns>
			<Column >
				<header>
					<Text text="{i18n>MafiDialog_ColumnTitle_Mafi}"/>
				</header>
			</Column>
		</columns>
	</TableSelectDialog>
</core:FragmentDefinition>