<core:FragmentDefinition xmlns:core="sap.ui.core" xmlns:f="sap.ui.layout.form" xmlns:l="sap.ui.layout" xmlns="sap.m"
	xmlns:myCtrl="com.westernacher.yl.trailercheck.demo.util">
	<Dialog horizontalScrolling="false" id="idDCheck" showHeader="true" stretch="true" title="Signature" type="Message"
		verticalScrolling="false">
		<content>
			<FlexBox alignItems="Center" justifyContent="Center">
				<items>
					<myCtrl:SignaturePad id="idCheck" width="320px" height="192px" thickness="14" bgcolor="whitesmoke"/>
				</items>
			</FlexBox>
			<FlexBox alignItems="Center" justifyContent="Center">
			<Button id="idBPicture" text="{i18n>Footer_Button_Picture}" icon="sap-icon://camera" press="onBPicturePress" type="Default" visible="true"
				class="sapUiSmallMarginTop"/>
					</FlexBox>
		</content>
		<buttons >
			<Button id="idBCheckCancel" icon="sap-icon://nav-back" press="onBCheckCancelPress" type="Ghost"/>
			<Button id="idBCheckClear" icon="sap-icon://eraser" press="onBCheckClearPress" type="Reject"/>
			<Button id="idBCheckOK" icon="sap-icon://accept" press="onBCheckOKPress" type="Accept"/>
		</buttons>
	</Dialog>
</core:FragmentDefinition>