<core:FragmentDefinition xmlns="sap.m" xmlns:core="sap.ui.core" xmlns:form="sap.ui.layout.form"
	xmlns:myCtrl="com.westernacher.yl.trailercheck.demo.util" xmlns:l="sap.ui.layout">
	<l:Grid hSpacing="0" defaultSpan="L12 M12 S12">
		<l:content>
			<FlexBox alignItems="Center" justifyContent="Center">
				<items>
					<l:VerticalLayout class="sapUiSmallMargin">
						<Image id="idIFront" src="{imageModel>/path}/image/TruckFront.png" width="320px" height="192px" densityAware="false">
							<layoutData>
								<FlexItemData growFactor="1"/>
							</layoutData>
						</Image>
						<Panel id="idPTruckFrontPictures" width="auto" visible="true" class="sapUiNoContentPadding">
							<VBox id="idVBFront" items="{ path:'AppPictureModel>/', filters: [{ path: 'pictureSide', operator: 'EQ', value1: 'Front'}]}">
								<items>
									<HBox>
										<Image src="{AppPictureModel>pictureData}" width="133px" height="100px" densityAware="false" press="onPicturePress"
											class="sapUiTinyMarginEnd"/>
										<VBox>
											<Label text="{i18n>CheckPictureDescription}:"/>
											<TextArea width="130px" height="80px" change="onPictureDescriptionChange" value="{AppPictureModel>pictureDescr}"
												enabled="{AppPictureModel>enabled}"/>
										</VBox>
										<Button icon="sap-icon://delete" class="sapUiTinyMarginBegin" press="onBTruckPictureDeletePress"/>
									</HBox>
								</items>
							</VBox>
						</Panel>
						<FlexBox alignItems="End" justifyContent="SpaceBetween">
							<items>
								<HBox>
									<Button id="idBTruckFrontPicture" text="{i18n>Footer_Button_Picture}" icon="sap-icon://camera" press="onBTruckFrontPicturePress"
										type="Default" visible="true"/>
									<MessageStrip id="idMSFront" text="{i18n>TakeAPicture}" type="Warning" class="sapUiTinyMarginTop sapUiTinyMarginBegin" visible="false"/>
								</HBox>
								<Button id="idBTruckFrontDrawClear" press="onBTruckFrontDrawPress" icon="sap-icon://signature" text="{i18n>WizardCheck_Button_Draw}"
									class="sapUiSmallMarginTop"/>
							</items>
						</FlexBox>
					</l:VerticalLayout>
				</items>
			</FlexBox>
			<FlexBox alignItems="Center" justifyContent="Center">
				<items>
					<l:VerticalLayout class="sapUiSmallMargin">
						<Image id="idIBack" src="{imageModel>/path}/image/TruckBack.png" width="320px" height="192px" densityAware="false">
							<layoutData>
								<FlexItemData growFactor="1"/>
							</layoutData>
						</Image>
						<Panel id="idPTruckBackPictures" width="auto" visible="true" class="sapUiNoContentPadding">
							<VBox id="idVBBack" items="{ path:'AppPictureModel>/', filters: [{ path: 'pictureSide', operator: 'EQ', value1: 'Back'}]}">
								<items>
									<HBox>
										<Image src="{AppPictureModel>pictureData}" width="133px" height="100px" densityAware="false" press="onPicturePress"
											class="sapUiTinyMarginEnd"/>
										<VBox>
											<Label text="{i18n>CheckPictureDescription}:"/>
											<TextArea width="130px" height="80px" change="onPictureDescriptionChange" value="{AppPictureModel>pictureDescr}"
												enabled="{AppPictureModel>enabled}"/>
										</VBox>
										<Button icon="sap-icon://delete" class="sapUiTinyMarginBegin" press="onBTruckPictureDeletePress"/>
									</HBox>
								</items>
							</VBox>
						</Panel>
						<FlexBox alignItems="End" justifyContent="SpaceBetween">
							<items>
								<HBox>
									<Button id="idBTruckBackPicture" text="{i18n>Footer_Button_Picture}" icon="sap-icon://camera" press="onBTruckBackPicturePress"
										type="Default" visible="true"/>
									<MessageStrip id="idMSBack" text="{i18n>TakeAPicture}" type="Warning" class="sapUiTinyMarginTop sapUiTinyMarginBegin" visible="false"/>
								</HBox>
								<Button id="idBTruckBackDraw" press="onBTruckBackDrawPress" icon="sap-icon://signature" text="{i18n>WizardCheck_Button_Draw}"
									class="sapUiSmallMarginTop"/>
							</items>
						</FlexBox>
					</l:VerticalLayout>
				</items>
			</FlexBox>
			<FlexBox alignItems="Center" justifyContent="Center">
				<items>
					<l:VerticalLayout class="sapUiSmallMargin">
						<!--myCtrl:SignaturePad id="idTruckFront" width="320px" height="192px" thickness="14" bgcolor="whitesmoke"/>-->
						<Image id="idILeft" src="{imageModel>/path}/image/TruckLeft.png" width="320px" height="192px" densityAware="false">
							<layoutData>
								<FlexItemData growFactor="1"/>
							</layoutData>
						</Image>
						<Panel id="idPTruckLeftPictures" width="auto" visible="true" class="sapUiNoContentPadding">
							<VBox id="idVBLeft" items="{ path:'AppPictureModel>/', filters: [{ path: 'pictureSide', operator: 'EQ', value1: 'Left'}]}">
								<items>
									<HBox>
										<Image src="{AppPictureModel>pictureData}" width="133px" height="100px" densityAware="false" press="onPicturePress"
											class="sapUiTinyMarginEnd"/>
										<VBox>
											<Label text="{i18n>CheckPictureDescription}:"/>
											<TextArea width="130px" height="80px" change="onPictureDescriptionChange" value="{AppPictureModel>pictureDescr}"
												enabled="{AppPictureModel>enabled}"/>
										</VBox>
										<Button icon="sap-icon://delete" class="sapUiTinyMarginBegin" press="onBTruckPictureDeletePress"/>
									</HBox>
								</items>
							</VBox>
						</Panel>
						<FlexBox alignItems="End" justifyContent="SpaceBetween">
							<items>
								<HBox>
									<Button id="idBTruckLeftPicture" text="{i18n>Footer_Button_Picture}" icon="sap-icon://camera" press="onBTruckLeftPicturePress"
										type="Default" visible="true"/>
									<MessageStrip id="idMSLeft" text="{i18n>TakeAPicture}" type="Warning" class="sapUiTinyMarginTop sapUiTinyMarginBegin" visible="false"/>
								</HBox>
								<Button id="idBTruckLeftDraw" press="onBTruckLeftDrawPress" icon="sap-icon://signature" text="{i18n>WizardCheck_Button_Draw}"
									class="sapUiSmallMarginTop"/>
							</items>
						</FlexBox>
					</l:VerticalLayout>
				</items>
			</FlexBox>
			<FlexBox alignItems="Center" justifyContent="Center">
				<items>
					<l:VerticalLayout class="sapUiSmallMargin">
						<!--myCtrl:SignaturePad id="idTruckFront" width="320px" height="192px" thickness="14" bgcolor="whitesmoke"/>-->
						<Image id="idIRight" src="{imageModel>/path}/image/TruckRight.png" width="320px" height="192px" densityAware="false">
							<layoutData>
								<FlexItemData growFactor="1"/>
							</layoutData>
						</Image>
						<Panel id="idPTruckRightPictures" width="auto" visible="true" class="sapUiNoContentPadding">
							<VBox id="idVBRight" items="{ path:'AppPictureModel>/', filters: [{ path: 'pictureSide', operator: 'EQ', value1: 'Right'}]}">
								<items>
									<HBox>
										<Image src="{AppPictureModel>pictureData}" width="133px" height="100px" densityAware="false" press="onPicturePress"
											class="sapUiTinyMarginEnd"/>
										<VBox>
											<Label text="{i18n>CheckPictureDescription}:"/>
											<TextArea width="130px" height="80px" change="onPictureDescriptionChange" value="{AppPictureModel>pictureDescr}"
												enabled="{AppPictureModel>enabled}"/>
										</VBox>
										<Button icon="sap-icon://delete" class="sapUiTinyMarginBegin" press="onBTruckPictureDeletePress"/>
									</HBox>
								</items>
							</VBox>
						</Panel>
						<FlexBox alignItems="End" justifyContent="SpaceBetween">
							<items>
								<HBox>
									<Button id="idBTruckRightPicture" text="{i18n>Footer_Button_Picture}" icon="sap-icon://camera" press="onBTruckRightPicturePress"
										type="Default" visible="true"/>
									<MessageStrip id="idMSRight" text="{i18n>TakeAPicture}" type="Warning" class="sapUiTinyMarginTop sapUiTinyMarginBegin" visible="false"/>
								</HBox>
								<Button id="idBTruckRightDraw" press="onBTruckRightDrawPress" icon="sap-icon://signature" text="{i18n>WizardCheck_Button_Draw}"
									class="sapUiSmallMarginTop"/>
							</items>
						</FlexBox>
					</l:VerticalLayout>
				</items>
			</FlexBox>
		</l:content>
	</l:Grid>
</core:FragmentDefinition>