<core:FragmentDefinition xmlns="sap.m" xmlns:core="sap.ui.core" xmlns:form="sap.ui.layout.form">
	<form:SimpleForm editable="true">
		<Label text="{i18n>WizardStep2_Label_LicencePlate}" required="true"/>
		<Input id="idILicencePlate" liveChange="onInfoCompleteCheck" placeholder="{i18n>InputPlaceholder_LicencePlate}" value="{LicPlate}"/>
		<!--<Label text="{i18n>WizardStep2_Label_LicencePlateTrailer}" required="true"/>-->
		<!--<Input id="idILicencePlateTrailer" liveChange="onWSActivationTruck" placeholder="{i18n>InputPlaceholder_LicencePlateTrailer}"-->
		<!--	value="{TrilerLicencePlate}"/>-->
		<Label text="{i18n>WizardStep2_Label_Parking}" required="true"/>
		<Input id="idIParking" type="Text" value="{StorBinsrc}" showSuggestion="true" editable="true" valueHelpRequest="onParkingHelpRequest"
			showTableSuggestionValueHelp="false" showValueHelp="true" placeholder="{i18n>InputPlaceholder_Parking}" liveChange="onInfoCompleteCheck"
			valueHelpOnly="true"></Input>
		<Label id="idLTrailerPoolText" text="{i18n>Label_TrailerPool}" required="false"/>
		<Input id="idITrailerPoolText" type="Text" value="{TrailerPoolText}" showSuggestion="true" 
			valueHelpRequest="onTrailerPoolHelpRequest" showTableSuggestionValueHelp="false" showValueHelp="true" 
			placeholder="{i18n>InputPlaceholder_TrailerPool}" liveChange="onInfoCompleteCheck" valueHelpOnly="true" width="100%"></Input>
		<!--<Label text="{i18n>Label_TrailerSubPool}"/>-->
		<!--<Input id="idITrailerSubPoolText" type="Text" value="{TrailerSubPoolText}" showSuggestion="true" editable="true"-->
		<!--	valueHelpRequest="onTrailerSubPoolHelpRequest" showTableSuggestionValueHelp="false" showValueHelp="true"-->
		<!--	placeholder="{i18n>InputPlaceholder_TrailerSubPool}" liveChange="onInfoCompleteCheck" valueHelpOnly="true" width="100%"></Input>-->
	</form:SimpleForm>
	<!--<Input id="idITrailerSubPoolFix" value="{TrailerSubPoolFix}" visible="false" width="0px"/>-->
	<Input id="idITrailerPoolFix" value="{TrailerPoolFix}" visible="false" width="0px"/>
</core:FragmentDefinition>