<core:FragmentDefinition xmlns="sap.m" xmlns:core="sap.ui.core">
	<TableSelectDialog id="idTSDParking" noDataText="{i18n>ParkingDialog_noDataText}" title="{i18n>ParkingDialog_Title}"
		search="onParkingDialogSearch" confirm="onParkingDialogConfirm" cancel="onParkingDialogCancel"
		items="{ path : '/StorageBinSHSet', sorter : { path : 'StorageBin', descending : false } }">
		<ColumnListItem>
			<cells>
				<ObjectIdentifier title="{StorageBin}"/>
				<!--<CheckBox selected="{isEmpty}" enabled="false"/>-->
				<!--<core:Icon src="{ path: 'isEmpty', formatter: 'com.westernacher.yl.trailercheck.demo.util.Formatter.ParkingIsEmptyIcon' }" class="size1" color="#3fa45b"/>-->
			</cells>
		</ColumnListItem>
		<columns>
			<Column >
				<header>
					<Text text="{i18n>ParkingDialog_TableColumn_ParkingNo}"/>
				</header>
			</Column>
			<!--<Column >-->
			<!--	<header>-->
			<!--		<Text text="{i18n>ParkingDialog_TableColumn_ParkingIsEmpty}"/>-->
			<!--	</header>-->
			<!--</Column>-->
		</columns>
	</TableSelectDialog>
</core:FragmentDefinition>