<core:FragmentDefinition xmlns:core="sap.ui.core" xmlns:f="sap.ui.layout.form" xmlns:l="sap.ui.layout" xmlns="sap.m">
	<Dialog horizontalScrolling="false" id="idDPicture" showHeader="true" stretch="false" title="Picture" type="Standard"
		verticalScrolling="false">
		<content>
			<Image id="idIPicture" src="" width="100%" height="100%" densityAware="false">
				<layoutData>
					<FlexItemData growFactor="1"/>
				</layoutData>
			</Image>
		</content>
		<!--<beginButton>-->
		<!--	<Button id="idBPictureDialogDelete" icon="sap-icon://delete" press="onBPictureDialogDeletePress" text="{i18n>PictureDialog_Button_Delete}" type="Reject" visible="false"/>-->
		<!--</beginButton>-->
		<endButton>
			<Button id="idBPictureDialogOK" press="onBPictureOKPress" text="{i18n>PictureDialog_Button_Close}"/>
		</endButton>
	</Dialog>
</core:FragmentDefinition>