<core:FragmentDefinition xmlns:core="sap.ui.core" xmlns:f="sap.ui.layout.form" xmlns:l="sap.ui.layout" xmlns="sap.m"
	xmlns:myCtrl="com.westernacher.yl.trailercheck.demo.util">
	<Dialog horizontalScrolling="false" id="idDSignature" showHeader="true" stretch="true" title="Signature" type="Message"
		verticalScrolling="false">
		<content>
			<FlexBox alignItems="Center" justifyContent="Center">
				<items>
					<myCtrl:SignaturePad id="idSignature" width="320px" height="192px" thickness="14" bgcolor="whitesmoke"/>
				</items>
			</FlexBox>
		</content>
		<!--<beginButton>-->
		<!--	<Button id="idBSignatureClear" press="onBSignatureClearPress" text="Clear" type="Reject"/>-->
		<!--</beginButton>-->
		<buttons>
			<!--<Button id="idBSignatureCancel" press="onBSignatureCancelPress" text="Cancel"/>-->
			<!--<Button id="idBSignatureClear"  press="onBSignatureClearPress" text="Clear" type="Reject"/>-->
			<!--<Button id="idBSignatureOK"  press="onBSignatureOKPress" text="Done" type="Accept"/>-->
			<Button id="idBSignatureCancel" icon="sap-icon://nav-back" press="onBSignatureCancelPress"/>
			<Button id="idBSignatureClear" icon="sap-icon://eraser" press="onBSignatureClearPress" type="Reject"/>
			<Button id="idBSignatureOK" icon="sap-icon://accept" press="onBSignatureOKPress" type="Accept"/>
		</buttons>
		<!--<endButton>-->
		<!--	<Button id="idBSignatureOK" press="onBSignatureOKPress" text="Done" type="Accept"/>-->
		<!--</endButton>-->
	</Dialog>
</core:FragmentDefinition>