<core:FragmentDefinition xmlns="sap.m" xmlns:core="sap.ui.core" xmlns:form="sap.ui.layout.form">
	<Text id="idTNoSurvey" text="{i18n>NoSurvey}" visible="false" class="sapUiSmallMarginBottom"/>
	<Table id="idTSurvey" items="{ path: 'ChecksSet', sorter : { path : 'Sequence', descending : false }}" growing="true"
		growingScrollToLoad="true" noDataText="{i18n>NoSurvey}">
		<columns >
			<Column hAlign="Left">
				<header >
					<Label text="{i18n>SurveyTableColumnTitle_Question}"/>
				</header>
			</Column>
			<Column hAlign="Center" width="8em">
				<header >
					<Label text="{i18n>SurveyTableColumnTitle_Answer}"/>
				</header>
			</Column>
			<Column hAlign="Left">
				<header >
					<Label text="{i18n>SurveyTableColumnTitle_Note}"/>
				</header>
			</Column>
		</columns>
		<ColumnListItem >
			<cells >
				<Text text="{QuestionTxt}"></Text>
				<FlexBox alignItems="Center" fitContainer="true" justifyContent="Center" width="8em">
					<items>
						<VBox alignItems="Center">
							<ObjectNumber number="{ path: 'Answer', formatter: 'com.westernacher.yl.trailercheck.demo.util.Formatter.StatusName' }"
								state="{ path: 'Answer', formatter: 'com.westernacher.yl.trailercheck.demo.util.Formatter.StatusStatus' }"/>
							<Slider id="idSAnswer" change="onSliderChange" max="2" progress="false" step="1"
								value="{ path: 'Answer', formatter: 'com.westernacher.yl.trailercheck.demo.util.Formatter.sliderAnswer' }" width="8em"
								enabled="{WizardStepEnabledModel>/bSurveyEnabled}"/>
						</VBox>
					</items>
				</FlexBox>
				<TextArea id="idTAAnswerNote" value="{AnswerNote}" width="100%" enabled="{WizardStepEnabledModel>/bSurveyEnabled}"/>
			</cells>
		</ColumnListItem>
	</Table>
</core:FragmentDefinition>
