<core:FragmentDefinition xmlns="sap.m" xmlns:core="sap.ui.core">
	<TableSelectDialog id="idTSDTrailerPool" noDataText="{i18n>TrailerPoolDialog_noDataText}" title="{i18n>TrailerPoolDialog_Title}"
		search="onTrailerPoolDialogSearch" confirm="onTrailerPoolDialogConfirm" cancel="onTrailerPoolDialogCancel"
		items="{ path : '/TrailerPoolSHSet', sorter : { path : 'TrailerPoolText', descending : false } }">
		<ColumnListItem>
			<cells>
				<ObjectIdentifier title="{TrailerPoolText}" />
			</cells>
		</ColumnListItem>
		<columns>
			<Column >
				<header>
					<Text text="{i18n>Label_TrailerPool}"/>
				</header>
			</Column>
		</columns>
	</TableSelectDialog>
</core:FragmentDefinition>