<core:FragmentDefinition xmlns="sap.m" xmlns:core="sap.ui.core">
	<TableSelectDialog id="idTSDTrailerSubPool" noDataText="{i18n>TrailerSubPoolDialog_noDataText}" title="{i18n>TrailerSubPoolDialog_Title}"
		search="onTrailerSubPoolDialogSearch" confirm="onTrailerSubPoolDialogConfirm" cancel="onTrailerSubPoolDialogCancel"
		items="{ path : '/TrailerSubPoolSHSet', sorter : { path : 'TrailerSubpoolText', descending : false } }">
		<ColumnListItem>
			<cells>
				<ObjectIdentifier title="{TrailerSubpoolText}" />
			</cells>
		</ColumnListItem>
		<columns>
			<Column >
				<header>
					<Text text="{i18n>Label_TrailerSubPool}"/>
				</header>
			</Column>
		</columns>
	</TableSelectDialog>
</core:FragmentDefinition>