<core:FragmentDefinition xmlns="sap.m" xmlns:core="sap.ui.core">
	<TableSelectDialog noDataText="{i18n>YardDialog_noDataText}" title="{i18n>YardDialog_Title}" search="onYardDialogSearch" cancel="onYardDialogCancel"
		confirm="onYardDialogConfirm" items="{ path : '/YardidSearchHelpSet', sorter : { path : 'Yardid', descending : false } }">
		<ColumnListItem>
			<cells>
				<ObjectIdentifier title="{Yardid}"/>
				<Text text="{Lnumt}"/>
			</cells>
		</ColumnListItem>
		<columns>
			<Column >
				<header>
					<Text text="{i18n>YardDialog_TableColumn_YardNo}"/>
				</header>
			</Column>
			<Column >
				<header>
					<Text text="{i18n>YardDialog_TableColumn_YardDescr}"/>
				</header>
			</Column>
		</columns>
	</TableSelectDialog>
</core:FragmentDefinition>