{
	"TrailerList": [{
		"TruckLicencePlate": "AA-BL 188",
		"TrilerLicencePlate": "HN-RR 111",
		"Parking": "PD-08",
		"Driver": "Klaus Meyer",
		"Carrier": "Schumacher",
		"Empty": true,
		"Direction": "U",
		"Time": "10:00"
	}, {
		"TruckLicencePlate": "AA-DC 343",
		"TrilerLicencePlate": "Hy-RU 532",
		"Parking": "PD-09",
		"Driver": "Helmut Bauer",
		"Carrier": "Schumacher",
		"Empty": false,
		"Direction": "I",
		"Time": "12:00"
	}, {
		"TruckLicencePlate": "AD-BT 326",
		"TrilerLicencePlate": "QS-RT 634",
		"Parking": "PD-02",
		"Driver": "Hans Kloss",
		"Carrier": "Schumacher",
		"Empty": false,
		"Direction": "I",
		"Time": "15:00"
	}, {
		"TruckLicencePlate": "DE-BL 353",
		"TrilerLicencePlate": "HN-RR 943",
		"Parking": "PD-17",
		"Driver": "John Brown",
		"Carrier": "DHL",
		"Empty": true,
		"Direction": "U",
		"Time": "17:00"
	}],
	"Survey": [{
		"Question": "Tankful of cooling aggregate",
		"Answer": "",
		"AnswerNote": ""
	}, {
		"Question": "Tread depth",
		"Answer": "",
		"AnswerNote": ""
	}, {
		"Question": "Securing bars",
		"Answer": "",
		"AnswerNote": ""
	}]
}