{
	"TUSet": [{
		"TUId": "12345",
		"Status": "Delayed",
		"Licence_Plate": "HO-2203",
		"Time": "10:00",
		"Door": "01",
		"Direction": "Outbound",
		"PackagingMaterial": "LKW",
		"Carrier": "DHL",
		"Assignment": "1234253"
	}, {
		"TUId": "23123",
		"Status": "Docked",
		"Licence_Plate": "HA-212-3",
		"Time": "12:00",
		"Door": "02",
		"Direction": "Outbound",
		"PackagingMaterial": "LKW",
		"Carrier": "Dascher",
		"Assignment": "1234232"
	}, {
		"TUId": "23221",
		"Status": "Docked",
		"Licence_Plate": "AA-B-7403",
		"Time": "10:30",
		"Door": "19",
		"Direction": "Outbound",
		"PackagingMaterial": "Container",
		"Carrier": "Dascher",
		"Assignment": "1234686"
	}, {
		"TUId": "24355",
		"Status": "Expected",
		"Licence_Plate": "AB-C-6465",
		"Time": "11:00",
		"Door": "20",
		"Direction": "Outbound",
		"PackagingMaterial": "Wechselbrücke",
		"Carrier": "UPS",
		"Assignment": "1239673"
	}],
	"TUDeliverySet": [{
		"TUId": "12345",
		"DeliveryId": "573835",
		"ExternalId": "2637382",
		"PurchaseOrderId": "2537281",
		"Carrier": "DHL",
		"LoadingId": "37287382",
		"Description": "Anlieferung für Ostpolen"
	}, {
		"TUId": "12345",
		"DeliveryId": "573834",
		"ExternalId": "7574557",
		"PurchaseOrderId": "4564564",
		"Carrier": "DHL",
		"LoadingId": "4564687",
		"Description": "Anlieferung für Eilig"
	}, {
		"TUId": "12345",
		"DeliveryId": "573866",
		"ExternalId": "845365",
		"PurchaseOrderId": "123453",
		"Carrier": "DHL",
		"LoadingId": "36453434",
		"Description": "Anlieferung für Ungarn"
	}, {
		"TUId": "12345",
		"DeliveryId": "573833",
		"ExternalId": "1123434",
		"PurchaseOrderId": "2342342",
		"Carrier": "UPS",
		"LoadingId": "23342433",
		"Description": "Anlieferung für Russland"
	}, {
		"TUId": "12345",
		"DeliveryId": "573822",
		"ExternalId": "78965434",
		"PurchaseOrderId": "534532",
		"Carrier": "UPS",
		"LoadingId": "24232333",
		"Description": "Anlieferung für Polen"
	}, {
		"TUId": "12345",
		"DeliveryId": "573333",
		"ExternalId": "3346222",
		"PurchaseOrderId": "7806433",
		"Carrier": "Dachser",
		"LoadingId": "3656045",
		"Description": "Anlieferung für Tschechien "
	}],
	"CarrierSet": [{
		"CarrierId": "DHL",
		"LastVisit": "2017-07-27"
	}, {
		"CarrierId": "UPS",
		"LastVisit": "2017-07-28"
	}, {
		"CarrierId": "Dachser",
		"LastVisit": "2017-07-24"
	}],
	"TUActiveType": [{
		"Key": "All",
		"Name": "All"
	}, {
		"Key": "Active",
		"Name": "Active"
	}, {
		"Key": "Inactive",
		"Name": "Inactive"
	}],
	"Door": [{
		"Key": "All",
		"Name": "All"
	}, {
		"Key": "0",
		"Name": "Door 1"
	}, {
		"Key": "1",
		"Name": "Door 2"
	}, {
		"Key": "2",
		"Name": "Door 3"
	}, {
		"Key": "3",
		"Name": "Door 4"
	}],
	"Direction": [{
		"Key": "All",
		"Name": "All"
	}, {
		"Key": "Inbound",
		"Name": "Inbound"
	}, {
		"Key": "Outbound",
		"Name": "Outbound"
	}],
	"DriverSet": [{
		"DriverId": "1",
		"DriverName": "Peter Wenzel",
		"LastVisit": "2017-08-08",
		"DriverLicence": "AG237261",
		"LastCheckOfLicenece": "2017-08-07",
		"LanguageId": "DE",
		"LanguageName": "German"
	}, {
		"DriverId": "2",
		"DriverName": "Adam Ledóchowski",
		"LastVisit": "2017-08-06",
		"DriverLicence": "SE25345",
		"LastCheckOfLicenece": "2017-06-02",
		"LanguageId": "PL",
		"LanguageName": "Polish"
	}, {
		"DriverId": "3",
		"DriverName": "Michael Augustin",
		"LastVisit": "2017-07-23",
		"DriverLicence": "GS736278",
		"LastCheckOfLicenece": "2017-07-08",
		"LanguageId": "SP",
		"LanguageName": "Spanish"
	}],
	"LanguageSet": [{
		"LanguageId": "DE",
		"LanguageName": "German"
	}, {
		"LanguageId": "EN",
		"LanguageName": "English"
	}, {
		"LanguageId": "PL",
		"LanguageName": "Polish"
	}, {
		"LanguageId": "SP",
		"LanguageName": "Spanish"
	}]
}