{
    "resources": [
        {
            "name": "Component-dbg.js",
            "isDebug": true
        },
        {
            "name": "Component-preload.js",
            "merged": true
        },
        {
            "name": "Component.js"
        },
        {
            "name": "controller/App-dbg.controller.js",
            "isDebug": true
        },
        {
            "name": "controller/App.controller.js"
        },
        {
            "name": "controller/SecureLoading-dbg.controller.js",
            "isDebug": true
        },
        {
            "name": "controller/SecureLoading.controller.js"
        },
        {
            "name": "controller/TaskList-dbg.controller.js",
            "isDebug": true
        },
        {
            "name": "controller/TaskList.controller.js"
        },
        {
            "name": "css/style-dbg.css",
            "isDebug": true
        },
        {
            "name": "css/style.css"
        },
        {
            "name": "di.code-validation.core_issues.json"
        },
        {
            "name": "dialogController/ConfirmationDialog-dbg.js",
            "isDebug": true
        },
        {
            "name": "dialogController/ConfirmationDialog.js"
        },
        {
            "name": "dialogController/PictureDialog-dbg.js",
            "isDebug": true
        },
        {
            "name": "dialogController/PictureDialog.js"
        },
        {
            "name": "dialogController/SignatureDialog-dbg.js",
            "isDebug": true
        },
        {
            "name": "dialogController/SignatureDialog.js"
        },
        {
            "name": "fragment/ConfirmationDialog.fragment.xml"
        },
        {
            "name": "fragment/PictureDialog.fragment.xml"
        },
        {
            "name": "fragment/Seal.fragment.xml"
        },
        {
            "name": "fragment/Signature.fragment.xml"
        },
        {
            "name": "fragment/SignatureDialog.fragment.xml"
        },
        {
            "name": "fragment/Survey.fragment.xml"
        },
        {
            "name": "i18n/i18n.properties",
            "raw": "i18n/i18n.properties"
        },
        {
            "name": "i18n/i18n_de.properties",
            "raw": "i18n/i18n.properties",
            "locale": "_de"
        },
        {
            "name": "image/Westernacher_Logo_transparent.gif"
        },
        {
            "name": "index.html"
        },
        {
            "name": "manifest.json"
        },
        {
            "name": "model/TUData.json"
        },
        {
            "name": "model/models-dbg.js",
            "isDebug": true
        },
        {
            "name": "model/models.js"
        },
        {
            "name": "neo-app.json"
        },
        {
            "name": "tmp/Component-preload.js",
            "merged": true
        },
        {
            "name": "tmp/Component.js"
        },
        {
            "name": "tmp/controller/App.controller.js"
        },
        {
            "name": "tmp/controller/SecureLoading.controller.js"
        },
        {
            "name": "tmp/controller/TaskList.controller.js"
        },
        {
            "name": "tmp/css/style.css"
        },
        {
            "name": "tmp/dialogController/ConfirmationDialog.js"
        },
        {
            "name": "tmp/dialogController/PictureDialog.js"
        },
        {
            "name": "tmp/dialogController/SignatureDialog.js"
        },
        {
            "name": "tmp/fragment/ConfirmationDialog.fragment.xml"
        },
        {
            "name": "tmp/fragment/PictureDialog.fragment.xml"
        },
        {
            "name": "tmp/fragment/Seal.fragment.xml"
        },
        {
            "name": "tmp/fragment/Signature.fragment.xml"
        },
        {
            "name": "tmp/fragment/SignatureDialog.fragment.xml"
        },
        {
            "name": "tmp/fragment/Survey.fragment.xml"
        },
        {
            "name": "tmp/i18n/i18n.properties",
            "raw": "i18n/i18n.properties"
        },
        {
            "name": "tmp/i18n/i18n_de.properties",
            "raw": "i18n/i18n.properties",
            "locale": "_de"
        },
        {
            "name": "tmp/image/Westernacher_Logo_transparent.gif"
        },
        {
            "name": "tmp/index.html"
        },
        {
            "name": "tmp/manifest.json"
        },
        {
            "name": "tmp/model/TUData.json"
        },
        {
            "name": "tmp/model/models.js"
        },
        {
            "name": "tmp/util/BaseController.js"
        },
        {
            "name": "tmp/util/Constant.js"
        },
        {
            "name": "tmp/util/ErrorHandler.js"
        },
        {
            "name": "tmp/util/Formatter.js"
        },
        {
            "name": "tmp/util/Picture.js"
        },
        {
            "name": "tmp/util/Signature.js"
        },
        {
            "name": "tmp/util/SignaturePad.js"
        },
        {
            "name": "tmp/view/App.view.xml"
        },
        {
            "name": "tmp/view/Camera.fragment.xml"
        },
        {
            "name": "tmp/view/SecureLoading.view.xml"
        },
        {
            "name": "tmp/view/TaskList.view.xml"
        },
        {
            "name": "tmp/westernacher/custom/camera/Camera.js"
        },
        {
            "name": "tmp/westernacher/custom/camera/CameraRenderer.js"
        },
        {
            "name": "tmp/westernacher/custom/camera/library.js"
        },
        {
            "name": "tmp-dbg/Component.js"
        },
        {
            "name": "tmp-dbg/controller/App.controller.js"
        },
        {
            "name": "tmp-dbg/controller/SecureLoading.controller.js"
        },
        {
            "name": "tmp-dbg/controller/TaskList.controller.js"
        },
        {
            "name": "tmp-dbg/css/style.css"
        },
        {
            "name": "tmp-dbg/dialogController/ConfirmationDialog.js"
        },
        {
            "name": "tmp-dbg/dialogController/PictureDialog.js"
        },
        {
            "name": "tmp-dbg/dialogController/SignatureDialog.js"
        },
        {
            "name": "tmp-dbg/model/models.js"
        },
        {
            "name": "tmp-dbg/util/BaseController.js"
        },
        {
            "name": "tmp-dbg/util/Constant.js"
        },
        {
            "name": "tmp-dbg/util/ErrorHandler.js"
        },
        {
            "name": "tmp-dbg/util/Formatter.js"
        },
        {
            "name": "tmp-dbg/util/Picture.js"
        },
        {
            "name": "tmp-dbg/util/Signature.js"
        },
        {
            "name": "tmp-dbg/util/SignaturePad.js"
        },
        {
            "name": "tmp-dbg/westernacher/custom/camera/Camera.js"
        },
        {
            "name": "tmp-dbg/westernacher/custom/camera/CameraRenderer.js"
        },
        {
            "name": "tmp-dbg/westernacher/custom/camera/library.js"
        },
        {
            "name": "util/BaseController-dbg.js",
            "isDebug": true
        },
        {
            "name": "util/BaseController.js"
        },
        {
            "name": "util/Constant-dbg.js",
            "isDebug": true
        },
        {
            "name": "util/Constant.js"
        },
        {
            "name": "util/ErrorHandler-dbg.js",
            "isDebug": true
        },
        {
            "name": "util/ErrorHandler.js"
        },
        {
            "name": "util/Formatter-dbg.js",
            "isDebug": true
        },
        {
            "name": "util/Formatter.js"
        },
        {
            "name": "util/Picture-dbg.js",
            "isDebug": true
        },
        {
            "name": "util/Picture.js"
        },
        {
            "name": "util/Signature-dbg.js",
            "isDebug": true
        },
        {
            "name": "util/Signature.js"
        },
        {
            "name": "util/SignaturePad-dbg.js",
            "isDebug": true
        },
        {
            "name": "util/SignaturePad.js"
        },
        {
            "name": "view/App.view.xml"
        },
        {
            "name": "view/Camera.fragment.xml"
        },
        {
            "name": "view/SecureLoading.view.xml"
        },
        {
            "name": "view/TaskList.view.xml"
        },
        {
            "name": "westernacher/custom/camera/Camera-dbg.js",
            "isDebug": true
        },
        {
            "name": "westernacher/custom/camera/Camera.js"
        },
        {
            "name": "westernacher/custom/camera/CameraRenderer-dbg.js",
            "isDebug": true
        },
        {
            "name": "westernacher/custom/camera/CameraRenderer.js"
        },
        {
            "name": "westernacher/custom/camera/library-dbg.js",
            "isDebug": true
        },
        {
            "name": "westernacher/custom/camera/library.js"
        }
    ]
}