{
  "Component-dbg.js": 1632389454153,
  "Component-preload.js": 1632389454270,
  "Component.js": 1632389420347,
  "controller/App-dbg.controller.js": 1632389454157,
  "controller/App.controller.js": 1632389420507,
  "controller/SecureLoading-dbg.controller.js": 1632389454163,
  "controller/SecureLoading.controller.js": 1632389420518,
  "controller/TaskList-dbg.controller.js": 1632389454166,
  "controller/TaskList.controller.js": 1632389420527,
  "css/style-dbg.css": 1632389454228,
  "css/style.css": 1632389453486,
  "di.code-validation.core_issues.json": 1632389452523,
  "dialogController/ConfirmationDialog-dbg.js": 1632389454175,
  "dialogController/ConfirmationDialog.js": 1632389420538,
  "dialogController/PictureDialog-dbg.js": 1632389454179,
  "dialogController/PictureDialog.js": 1632389420541,
  "dialogController/SignatureDialog-dbg.js": 1632389454182,
  "dialogController/SignatureDialog.js": 1632389420546,
  "fragment/ConfirmationDialog.fragment.xml": 1632389420557,
  "fragment/PictureDialog.fragment.xml": 1632389420562,
  "fragment/Seal.fragment.xml": 1632389420574,
  "fragment/Signature.fragment.xml": 1632389420579,
  "fragment/SignatureDialog.fragment.xml": 1632389420585,
  "fragment/Survey.fragment.xml": 1632389420591,
  "i18n/i18n.properties": 1632389420608,
  "i18n/i18n_de.properties": 1632389420612,
  "image/Westernacher_Logo_transparent.gif": 1632389420626,
  "index.html": 1632389420379,
  "manifest-bundle.zip": 1632389454627,
  "manifest.json": 1632389453453,
  "model/TUData.json": 1632389420636,
  "model/models-dbg.js": 1632389454188,
  "model/models.js": 1632389420641,
  "neo-app.json": 1632389454548,
  "resources.json": 1632389454586,
  "util/BaseController-dbg.js": 1632389454191,
  "util/BaseController.js": 1632389420649,
  "util/Constant-dbg.js": 1632389454195,
  "util/Constant.js": 1632389420655,
  "util/ErrorHandler-dbg.js": 1632389454197,
  "util/ErrorHandler.js": 1632389420658,
  "util/Formatter-dbg.js": 1632389454199,
  "util/Formatter.js": 1632389420665,
  "util/Picture-dbg.js": 1632389454202,
  "util/Picture.js": 1632389420668,
  "util/Signature-dbg.js": 1632389454204,
  "util/Signature.js": 1632389420673,
  "util/SignaturePad-dbg.js": 1632389454209,
  "util/SignaturePad.js": 1632389420677,
  "view/App.view.xml": 1632389420684,
  "view/Camera.fragment.xml": 1632389420695,
  "view/SecureLoading.view.xml": 1632389420688,
  "view/TaskList.view.xml": 1632389420691,
  "westernacher/custom/camera/Camera-dbg.js": 1632389454219,
  "westernacher/custom/camera/Camera.js": 1632389421034,
  "westernacher/custom/camera/CameraRenderer-dbg.js": 1632389454222,
  "westernacher/custom/camera/CameraRenderer.js": 1632389421045,
  "westernacher/custom/camera/library-dbg.js": 1632389454225,
  "westernacher/custom/camera/library.js": 1632389421073
}