[{
	"CustomerID": "ALFKI",
	"CompanyName": "Alfreds Futterkiste",
	"ContactName": "Maria Anders",
	"ContactTitle": "Sales Representative",
	"Address": "Obere Str. 57",
	"City": "Berlin",
	"Region": null,
	"PostalCode": "12209",
	"Country": "Germany",
	"Phone": "030-0074321",
	"Fax": "030-0076545"
}, {
	"CustomerID": "ANATR",
	"CompanyName": "Ana Trujillo Emparedados y helados",
	"ContactName": "Ana Trujillo",
	"ContactTitle": "Owner",
	"Address": "Avda. de la Constituci\u00f3n 2222",
	"City": "M\u00e9xico D.F.",
	"Region": null,
	"PostalCode": "05021",
	"Country": "Mexico",
	"Phone": "(5) 555-4729",
	"Fax": "(5) 555-3745"
}, {
	"CustomerID": "ANTON",
	"CompanyName": "Antonio Moreno Taquer\u00eda",
	"ContactName": "Antonio Moreno",
	"ContactTitle": "Owner",
	"Address": "Mataderos  2312",
	"City": "M\u00e9xico D.F.",
	"Region": null,
	"PostalCode": "05023",
	"Country": "Mexico",
	"Phone": "(5) 555-3932",
	"Fax": null
}, {
	"CustomerID": "ANTON",
	"CompanyName": "Antonio Moreno Taquer\u00eda",
	"ContactName": "Antonio Moreno",
	"ContactTitle": "Owner",
	"Address": "Mataderos  2312",
	"City": "M\u00e9xico D.F.",
	"Region": null,
	"PostalCode": "05023",
	"Country": "Mexico",
	"Phone": "(5) 555-3932",
	"Fax": null
}, {
	"CustomerID": "ANTON",
	"CompanyName": "Antonio Moreno Taquer\u00eda",
	"ContactName": "Antonio Moreno",
	"ContactTitle": "Owner",
	"Address": "Mataderos  2312",
	"City": "M\u00e9xico D.F.",
	"Region": null,
	"PostalCode": "05023",
	"Country": "Mexico",
	"Phone": "(5) 555-3932",
	"Fax": null
}, {
	"CustomerID": "ANTON",
	"CompanyName": "Antonio Moreno Taquer\u00eda",
	"ContactName": "Antonio Moreno",
	"ContactTitle": "Owner",
	"Address": "Mataderos  2312",
	"City": "M\u00e9xico D.F.",
	"Region": null,
	"PostalCode": "05023",
	"Country": "Mexico",
	"Phone": "(5) 555-3932",
	"Fax": null
}, {
	"CustomerID": "ANTON",
	"CompanyName": "Antonio Moreno Taquer\u00eda",
	"ContactName": "Antonio Moreno",
	"ContactTitle": "Owner",
	"Address": "Mataderos  2312",
	"City": "M\u00e9xico D.F.",
	"Region": null,
	"PostalCode": "05023",
	"Country": "Mexico",
	"Phone": "(5) 555-3932",
	"Fax": null
}, {
	"CustomerID": "ANTON",
	"CompanyName": "Antonio Moreno Taquer\u00eda",
	"ContactName": "Antonio Moreno",
	"ContactTitle": "Owner",
	"Address": "Mataderos  2312",
	"City": "M\u00e9xico D.F.",
	"Region": null,
	"PostalCode": "05023",
	"Country": "Mexico",
	"Phone": "(5) 555-3932",
	"Fax": null
}, {
	"CustomerID": "ANTON",
	"CompanyName": "Antonio Moreno Taquer\u00eda",
	"ContactName": "Antonio Moreno",
	"ContactTitle": "Owner",
	"Address": "Mataderos  2312",
	"City": "M\u00e9xico D.F.",
	"Region": null,
	"PostalCode": "05023",
	"Country": "Mexico",
	"Phone": "(5) 555-3932",
	"Fax": null
}]