<core:FragmentDefinition xmlns:core="sap.ui.core" xmlns:f="sap.ui.layout.form" xmlns:l="sap.ui.layout" xmlns="sap.m"
	xmlns:myCtrl="com.westernacher.yl.secureloading.util">
	<Dialog horizontalScrolling="false" id="idDSignature" showHeader="true" stretch="true" title="Signature" type="Message"
		verticalScrolling="false">
		<content>
			<FlexBox alignItems="Center" justifyContent="Center">
				<items>
					<myCtrl:SignaturePad id="idSignature" width="320px" height="192px" thickness="14" bgcolor="whitesmoke"/>
				</items>
			</FlexBox>
			<Panel id="idPSignatureText" class="sapUiSmallMarginTop">
				<Text  text="{i18n>SignatureText}" wrapping="true" width="100%"/>
				<Text id="idTSignatureTextEN" text="{i18n>SignatureTextEN}" wrapping="true" width="100%" class="sapUiSmallMarginTop"/>
			</Panel>
		</content>
		<!--<beginButton>-->
		<!--	<Button id="idBSignatureClear" press="onBSignatureClearPress" text="Clear" type="Reject"/>-->
		<!--</beginButton>-->
		<buttons >
			<!--<Button id="idBSignatureCancel" press="onBSignatureCancelPress" text="{i18n>SignatureDialog_Cancel}"/>-->
			<!--<Button id="idBSignatureClear" press="onBSignatureClearPress" text="{i18n>SignatureDialog_Clear}" type="Reject"/>-->
			<!--<Button id="idBSignatureOK" press="onBSignatureOKPress" text="{i18n>SignatureDialog_Done}" type="Accept"/>-->
			<Button id="idBSignatureCancel" press="onBSignatureCancelPress" icon="sap-icon://nav-back"/>
			<Button id="idBSignatureClear" press="onBSignatureClearPress" icon="sap-icon://eraser" type="Reject"/>
			<Button id="idBSignatureOK" press="onBSignatureOKPress" icon="sap-icon://accept" type="Accept"/>
		</buttons>
		<!--<endButton>-->
		<!--	<Button id="idBSignatureOK" press="onBSignatureOKPress" text="Done" type="Accept"/>-->
		<!--</endButton>-->
	</Dialog>
</core:FragmentDefinition>