{
  "projectType": [
    "sap.watt.uitools.ide.fiori",
    "com.watt.common.builder.sapui5clientbuild"
  ],
  "build": {
    "targetFolder": "dist",
    "sourceFolder": ".",
    "buildRequired": false,
    "lastBuildDateTime": "Thu, 08 Nov 2018 10:18:51 GMT"
  },
  "generation": [
    {
      "templateId": "ui5template.basicSAPUI5ApplicationProject",
      "templateVersion": "1.40.12",
      "dateTimeStamp": "Wed, 25 Jan 2017 08:04:05 GMT"
    }
  ],
  "translation": {
    "translationDomain": "",
    "supportedLanguages": "en,de",
    "defaultLanguage": "en",
    "defaultI18NPropertyFile": "i18n.properties",
    "resourceModelName": "i18n"
  },
  "basevalidator": {
    "services": {
      "xml": "fioriXmlAnalysis",
      "js": "fioriJsValidator"
    }
  },
  "codeCheckingTriggers": {
    "notifyBeforePush": true,
    "notifyBeforePushLevel": "Error",
    "blockPush": false,
    "blockPushLevel": "Error"
  },
  "mockpreview": {
    "mockUri": "./model/TUData.json",
    "metadataFilePath": "",
    "mockRequestsFilePath": "",
    "loadJSONFiles": false,
    "loadCustomRequests": false
  },
  "hcpdeploy": {
    "account": "a01b56673",
    "name": "yltrailerchecksrv",
    "lastVersionWeTriedToDeploy": "1.0.9"
  },
  "deploy": {
    "destination": "BMC_TMD_100",
    "name": "zyltrailercheck"
  }
}