{
	"authenticationMethod": "none",
	"routes": [{
		"path": "/resources",
		"target": {
			"type": "service",
			"name": "sapui5",
			"entryPath": "/resources"
		},
		"description": "SAPUI5 Resources"
	}, {
		"path": "/test-resources",
		"target": {
			"type": "service",
			"name": "sapui5",
			"entryPath": "/test-resources"
		},
		"description": "SAPUI5 Test Resources"
	}, {
		"path": "/schaefflertheme",
		"target": {
			"type": "application",
			"name": "schaefflertheme"
		},
		"description": "Route for custom theme"
	}, {
		"path": "/sap/opu/odata",
		"target": {
			"type": "destination",
			"name": "BMC_HA6_501",
			"entryPath": "/sap/opu/odata"
		},
		"description": "BMC_HA6_501"
	}],
	"sendWelcomeFileRedirect": true,
	"cacheControl": [{
		"directive": "private",
		"maxAge": 0,
		"path": "**.html"
	}, {
		"directive": "private",
		"maxAge": 0,
		"path": "sap-ui-cachebuster-info.json"
	}, {
		"directive": "public",
		"maxAge": 31536000
	}]
}