{
    "resources": [
        {
            "name": ".che/project.json"
        },
        {
            "name": ".gitignore"
        },
        {
            "name": ".project.json"
        },
        {
            "name": ".user.project.json"
        },
        {
            "name": "Component-dbg.js",
            "isDebug": true
        },
        {
            "name": "Component-preload.js",
            "merged": true
        },
        {
            "name": "Component.js"
        },
        {
            "name": "Gruntfile.js"
        },
        {
            "name": "controller/App-dbg.controller.js",
            "isDebug": true
        },
        {
            "name": "controller/App.controller.js"
        },
        {
            "name": "controller/Check-dbg.controller.js",
            "isDebug": true
        },
        {
            "name": "controller/Check.controller.js"
        },
        {
            "name": "controller/TaskList-dbg.controller.js",
            "isDebug": true
        },
        {
            "name": "controller/TaskList.controller.js"
        },
        {
            "name": "css/style-dbg.css",
            "isDebug": true
        },
        {
            "name": "css/style.css"
        },
        {
            "name": "di.code-validation.core_issues.json"
        },
        {
            "name": "dialogController/CheckDialog-dbg.js",
            "isDebug": true
        },
        {
            "name": "dialogController/CheckDialog.js"
        },
        {
            "name": "dialogController/ParkingDialog-dbg.js",
            "isDebug": true
        },
        {
            "name": "dialogController/ParkingDialog.js"
        },
        {
            "name": "dialogController/PictureDialog-dbg.js",
            "isDebug": true
        },
        {
            "name": "dialogController/PictureDialog.js"
        },
        {
            "name": "dialogController/SignatureDialog-dbg.js",
            "isDebug": true
        },
        {
            "name": "dialogController/SignatureDialog.js"
        },
        {
            "name": "dialogController/TrailerPoolDialog-dbg.js",
            "isDebug": true
        },
        {
            "name": "dialogController/TrailerPoolDialog.js"
        },
        {
            "name": "dialogController/TrailerSubPoolDialog-dbg.js",
            "isDebug": true
        },
        {
            "name": "dialogController/TrailerSubPoolDialog.js"
        },
        {
            "name": "dialogController/YardDialog-dbg.js",
            "isDebug": true
        },
        {
            "name": "dialogController/YardDialog.js"
        },
        {
            "name": "dist"
        },
        {
            "name": "fragment/Check.fragment.xml"
        },
        {
            "name": "fragment/CheckDialog.fragment.xml"
        },
        {
            "name": "fragment/Info.fragment.xml"
        },
        {
            "name": "fragment/ParkingDialog.fragment.xml"
        },
        {
            "name": "fragment/Picture.fragment.xml"
        },
        {
            "name": "fragment/PictureDialog.fragment.xml"
        },
        {
            "name": "fragment/Signature.fragment.xml"
        },
        {
            "name": "fragment/SignatureDialog.fragment.xml"
        },
        {
            "name": "fragment/Survey.fragment.xml"
        },
        {
            "name": "fragment/TrailerPoolDialog.fragment.xml"
        },
        {
            "name": "fragment/TrailerSubPoolDialog.fragment.xml"
        },
        {
            "name": "fragment/YardDialog.fragment.xml"
        },
        {
            "name": "i18n/i18n.properties",
            "raw": "i18n/i18n.properties"
        },
        {
            "name": "i18n/i18n_de.properties",
            "raw": "i18n/i18n.properties",
            "locale": "_de"
        },
        {
            "name": "image/TruckBack.png"
        },
        {
            "name": "image/TruckFront.png"
        },
        {
            "name": "image/TruckLeft.png"
        },
        {
            "name": "image/TruckRight.png"
        },
        {
            "name": "image/Westernacher_Logo_transparent.gif"
        },
        {
            "name": "index.html"
        },
        {
            "name": "manifest-bundle.zip"
        },
        {
            "name": "manifest.json"
        },
        {
            "name": "model/TUData.json"
        },
        {
            "name": "model/models-dbg.js",
            "isDebug": true
        },
        {
            "name": "model/models.js"
        },
        {
            "name": "neo-app.json"
        },
        {
            "name": "node_modules"
        },
        {
            "name": "package-lock.json"
        },
        {
            "name": "package.json"
        },
        {
            "name": "resources.json",
            "merged": true
        },
        {
            "name": "sap-ui-cachebuster-info.json"
        },
        {
            "name": "util/BaseController-dbg.js",
            "isDebug": true
        },
        {
            "name": "util/BaseController.js"
        },
        {
            "name": "util/ErrorHandler-dbg.js",
            "isDebug": true
        },
        {
            "name": "util/ErrorHandler.js"
        },
        {
            "name": "util/Formatter-dbg.js",
            "isDebug": true
        },
        {
            "name": "util/Formatter.js"
        },
        {
            "name": "util/Signature-dbg.js",
            "isDebug": true
        },
        {
            "name": "util/Signature.js"
        },
        {
            "name": "util/SignaturePad-dbg.js",
            "isDebug": true
        },
        {
            "name": "util/SignaturePad.js"
        },
        {
            "name": "view/App.view.xml"
        },
        {
            "name": "view/Camera.fragment.xml"
        },
        {
            "name": "view/Check.view.xml"
        },
        {
            "name": "view/TaskList.view.xml"
        },
        {
            "name": "westernacher/custom/camera/Camera-dbg.js",
            "isDebug": true
        },
        {
            "name": "westernacher/custom/camera/Camera.js"
        },
        {
            "name": "westernacher/custom/camera/CameraRenderer-dbg.js",
            "isDebug": true
        },
        {
            "name": "westernacher/custom/camera/CameraRenderer.js"
        },
        {
            "name": "westernacher/custom/camera/library-dbg.js",
            "isDebug": true
        },
        {
            "name": "westernacher/custom/camera/library.js"
        }
    ]
}