{
  ".che/project.json": 1636542939954,
  ".gitignore": 1636542939887,
  ".project.json": 1636542939889,
  ".user.project.json": 1636542939895,
  "Component-dbg.js": 1636542939899,
  "Component-preload.js": 1636542988342,
  "Component.js": 1636542939923,
  "Gruntfile.js": 1636542939924,
  "controller/App-dbg.controller.js": 1636542939956,
  "controller/App.controller.js": 1636542939957,
  "controller/Check-dbg.controller.js": 1636542939959,
  "controller/Check.controller.js": 1636542939962,
  "controller/TaskList-dbg.controller.js": 1636542939973,
  "controller/TaskList.controller.js": 1636542939983,
  "css/style-dbg.css": 1636542939987,
  "css/style.css": 1636542939989,
  "di.code-validation.core_issues.json": 1636542939930,
  "dialogController/CheckDialog-dbg.js": 1636542939991,
  "dialogController/CheckDialog.js": 1636542939992,
  "dialogController/ParkingDialog-dbg.js": 1636542939994,
  "dialogController/ParkingDialog.js": 1636542939995,
  "dialogController/PictureDialog-dbg.js": 1636542939999,
  "dialogController/PictureDialog.js": 1636542940002,
  "dialogController/SignatureDialog-dbg.js": 1636542940005,
  "dialogController/SignatureDialog.js": 1636542940007,
  "dialogController/TrailerPoolDialog-dbg.js": 1636542940010,
  "dialogController/TrailerPoolDialog.js": 1636542940012,
  "dialogController/TrailerSubPoolDialog-dbg.js": 1636542940013,
  "dialogController/TrailerSubPoolDialog.js": 1636542940017,
  "dialogController/YardDialog-dbg.js": 1636542940019,
  "dialogController/YardDialog.js": 1636542940021,
  "fragment/Check.fragment.xml": 1636542940045,
  "fragment/CheckDialog.fragment.xml": 1636542940049,
  "fragment/Info.fragment.xml": 1636542940053,
  "fragment/ParkingDialog.fragment.xml": 1636542940054,
  "fragment/Picture.fragment.xml": 1636542940058,
  "fragment/PictureDialog.fragment.xml": 1636542940062,
  "fragment/Signature.fragment.xml": 1636542940066,
  "fragment/SignatureDialog.fragment.xml": 1636542940067,
  "fragment/Survey.fragment.xml": 1636542940069,
  "fragment/TrailerPoolDialog.fragment.xml": 1636542940070,
  "fragment/TrailerSubPoolDialog.fragment.xml": 1636542940071,
  "fragment/YardDialog.fragment.xml": 1636542940074,
  "i18n/i18n.properties": 1636542940077,
  "i18n/i18n_de.properties": 1636542940079,
  "image/TruckBack.png": 1636542940082,
  "image/TruckFront.png": 1636542940083,
  "image/TruckLeft.png": 1636542940085,
  "image/TruckRight.png": 1636542940086,
  "image/Westernacher_Logo_transparent.gif": 1636542940090,
  "index.html": 1636542939935,
  "manifest-bundle.zip": 1636542939937,
  "manifest.json": 1636542939938,
  "model/TUData.json": 1636542940094,
  "model/models-dbg.js": 1636542940095,
  "model/models.js": 1636542940097,
  "neo-app.json": 1636542939940,
  "package-lock.json": 1636542939943,
  "package.json": 1636542939945,
  "resources.json": 1636542988536,
  "util/BaseController-dbg.js": 1636542940099,
  "util/BaseController.js": 1636542940101,
  "util/ErrorHandler-dbg.js": 1636542940102,
  "util/ErrorHandler.js": 1636542940104,
  "util/Formatter-dbg.js": 1636542940106,
  "util/Formatter.js": 1636542940108,
  "util/Signature-dbg.js": 1636542940109,
  "util/Signature.js": 1636542940110,
  "util/SignaturePad-dbg.js": 1636542940114,
  "util/SignaturePad.js": 1636542940116,
  "view/App.view.xml": 1636542940118,
  "view/Camera.fragment.xml": 1636542940122,
  "view/Check.view.xml": 1636542940119,
  "view/TaskList.view.xml": 1636542940120,
  "westernacher/custom/camera/Camera-dbg.js": 1636542940126,
  "westernacher/custom/camera/Camera.js": 1636542940128,
  "westernacher/custom/camera/CameraRenderer-dbg.js": 1636542940135,
  "westernacher/custom/camera/CameraRenderer.js": 1636542940139,
  "westernacher/custom/camera/library-dbg.js": 1636542940142,
  "westernacher/custom/camera/library.js": 1636542940147
}