<edmx:Edmx xmlns:edmx="http://schemas.microsoft.com/ado/2007/06/edmx"
	xmlns:m="http://schemas.microsoft.com/ado/2007/08/dataservices/metadata" xmlns:sap="http://www.sap.com/Protocols/SAPData" Version="1.0">
	<edmx:DataServices m:DataServiceVersion="2.0">
		<Schema xmlns="http://schemas.microsoft.com/ado/2008/09/edm" Namespace="ZYL_SHUNTING_SRV" xml:lang="en" sap:schema-version="1">
			<EntityType Name="HandlingResource" sap:content-version="1">
				<Key>
					<PropertyRef Name="YardNo"/>
					<PropertyRef Name="Resource"/>
					<PropertyRef Name="Spras"/>
				</Key>
				<Property Name="YardNo" Type="Edm.String" Nullable="false" MaxLength="4" sap:unicode="false" sap:label="Yard Number" sap:creatable="false"
					sap:updatable="false" sap:sortable="false" sap:filterable="false"/>
				<Property Name="Resource" Type="Edm.String" Nullable="false" MaxLength="18" sap:unicode="false" sap:label="Handling Resource"
					sap:creatable="false" sap:updatable="false" sap:sortable="false"/>
				<Property Name="ResourceText" Type="Edm.String" Nullable="false" MaxLength="40" sap:unicode="false" sap:label="HandlingResourceDesc"
					sap:creatable="false" sap:updatable="false" sap:sortable="false" sap:filterable="false"/>
				<Property Name="Spras" Type="Edm.String" Nullable="false" MaxLength="2" sap:unicode="false" sap:label="Language" sap:creatable="false"
					sap:updatable="false" sap:sortable="false" sap:filterable="false"/>
			</EntityType>
			<EntityType Name="ShuntingTask" sap:content-version="1">
				<Key>
					<PropertyRef Name="YardNo"/>
					<PropertyRef Name="YardTaskNo"/>
				</Key>
				<Property Name="YardNo" Type="Edm.String" Nullable="false" MaxLength="4" sap:unicode="false" sap:label="Yard Number" sap:creatable="false"
					sap:updatable="false" sap:sortable="false"/>
				<Property Name="YardTaskNo" Type="Edm.String" Nullable="false" MaxLength="20" sap:unicode="false" sap:label="Yard Task Number"
					sap:creatable="false" sap:updatable="false" sap:sortable="false"/>
				<Property Name="ActivityCategory" Type="Edm.String" Nullable="false" MaxLength="2" sap:unicode="false" sap:label="Activity Category"
					sap:creatable="false" sap:updatable="false" sap:sortable="false" sap:filterable="false"/>
				<Property Name="ActivityType" Type="Edm.String" Nullable="false" MaxLength="4" sap:unicode="false" sap:label="Activity Type"
					sap:creatable="false" sap:updatable="false" sap:sortable="false" sap:filterable="false"/>
				<Property Name="ActivityTypeDesc" Type="Edm.String" Nullable="false" MaxLength="60" sap:unicode="false" sap:label="Activity Type Desc."
					sap:creatable="false" sap:updatable="false" sap:sortable="false" sap:filterable="false"/>
				<Property Name="Queue" Type="Edm.String" Nullable="false" MaxLength="4" sap:unicode="false" sap:label="Queue" sap:creatable="false"
					sap:updatable="false" sap:sortable="false"/>
				<Property Name="QueueDesc" Type="Edm.String" Nullable="false" MaxLength="60" sap:unicode="false" sap:label="Queue Description"
					sap:creatable="false" sap:updatable="false" sap:sortable="false" sap:filterable="false"/>
				<Property Name="Resource" Type="Edm.String" Nullable="false" MaxLength="18" sap:unicode="false" sap:label="Handling Resource"
					sap:creatable="false" sap:updatable="false" sap:sortable="false"/>
				<Property Name="ResourceText" Type="Edm.String" Nullable="false" MaxLength="40" sap:unicode="false" sap:label="HandlingResourceDesc"
					sap:creatable="false" sap:updatable="false" sap:sortable="false" sap:filterable="false"/>
				<Property Name="StartTmstmpPlan" Type="Edm.DateTime" Nullable="false" Precision="12" sap:unicode="false" sap:label="Planned Start"
					sap:creatable="false" sap:updatable="false" sap:sortable="false" sap:filterable="false"/>
				<Property Name="DurationPlan" Type="Edm.Decimal" Nullable="false" Precision="15" Scale="0" sap:unicode="false" sap:label="Duration Planned"
					sap:creatable="false" sap:updatable="false" sap:sortable="false" sap:filterable="false"/>
				<Property Name="StartTmstmpAct" Type="Edm.DateTime" Nullable="false" Precision="12" sap:unicode="false" sap:label="Actual Start"
					sap:creatable="false" sap:updatable="false" sap:sortable="false" sap:filterable="false"/>
				<Property Name="DurationAct" Type="Edm.Decimal" Nullable="false" Precision="15" Scale="0" sap:unicode="false" sap:label="Duration Actual"
					sap:creatable="false" sap:updatable="false" sap:sortable="false" sap:filterable="false"/>
				<Property Name="TimeUnit" Type="Edm.String" Nullable="false" MaxLength="3" sap:unicode="false" sap:label="Time Unit" sap:creatable="false"
					sap:updatable="false" sap:sortable="false" sap:filterable="false"/>
				<Property Name="LifecycleStatus" Type="Edm.String" Nullable="false" MaxLength="2" sap:unicode="false" sap:label="Life Cycle Status"
					sap:creatable="false" sap:updatable="false" sap:sortable="false"/>
				<Property Name="ExceptionCode" Type="Edm.String" Nullable="false" MaxLength="4" sap:unicode="false" sap:label="Exception Code"
					sap:creatable="false" sap:updatable="false" sap:sortable="false" sap:filterable="false"/>
				<Property Name="ExceptionCodeDesc" Type="Edm.String" Nullable="false" MaxLength="60" sap:unicode="false" sap:label="ExceptionCodeDesc"
					sap:creatable="false" sap:updatable="false" sap:sortable="false" sap:filterable="false"/>
				<Property Name="StorTypesrc" Type="Edm.String" Nullable="false" MaxLength="4" sap:unicode="false" sap:label="Storage Type"
					sap:creatable="false" sap:updatable="false" sap:sortable="false" sap:filterable="false"/>
				<Property Name="StorSectionsrc" Type="Edm.String" Nullable="false" MaxLength="4" sap:unicode="false" sap:label="Storage Section"
					sap:creatable="false" sap:updatable="false" sap:sortable="false" sap:filterable="false"/>
				<Property Name="StorBinsrc" Type="Edm.String" Nullable="false" MaxLength="18" sap:unicode="false" sap:label="Storage Bin"
					sap:creatable="false" sap:updatable="false" sap:sortable="false" sap:filterable="false"/>
				<Property Name="StorTypedst" Type="Edm.String" Nullable="false" MaxLength="4" sap:unicode="false" sap:label="Storage Type"
					sap:creatable="false" sap:updatable="false" sap:sortable="false" sap:filterable="false"/>
				<Property Name="StorSectiondst" Type="Edm.String" Nullable="false" MaxLength="4" sap:unicode="false" sap:label="Storage Section"
					sap:creatable="false" sap:updatable="false" sap:sortable="false" sap:filterable="false"/>
				<Property Name="StorBindst" Type="Edm.String" Nullable="false" MaxLength="18" sap:unicode="false" sap:label="Storage Bin"
					sap:creatable="false" sap:updatable="false" sap:sortable="false" sap:filterable="false"/>
				<Property Name="TuNumber" Type="Edm.String" Nullable="false" MaxLength="20" sap:unicode="false" sap:label="TU" sap:creatable="false"
					sap:updatable="false" sap:sortable="false" sap:filterable="false"/>
				<Property Name="TuType" Type="Edm.String" Nullable="false" MaxLength="4" sap:unicode="false" sap:label="TU Type" sap:creatable="false"
					sap:updatable="false" sap:sortable="false" sap:filterable="false"/>
			</EntityType>
			<EntityContainer Name="ZYL_SHUNTING_SRV_Entities" m:IsDefaultEntityContainer="true" sap:supported-formats="atom json xlsx">
				<EntitySet Name="HandlingResourceSet" EntityType="ZYL_SHUNTING_SRV.HandlingResource" sap:creatable="false" sap:updatable="false"
					sap:deletable="false" sap:searchable="true" sap:pageable="false" sap:content-version="1"/>
				<EntitySet Name="ShuntingTaskSet" EntityType="ZYL_SHUNTING_SRV.ShuntingTask" sap:creatable="false" sap:updatable="false"
					sap:deletable="false" sap:searchable="true" sap:pageable="false" sap:requires-filter="true" sap:content-version="1"/>
			</EntityContainer>
			<atom:link xmlns:atom="http://www.w3.org/2005/Atom" rel="self"
				href="http://saptmdu01.westernacher.hosting.lan:8001/sap/opu/odata/sap/ZYL_SHUNTING_SRV/$metadata"/>
			<atom:link xmlns:atom="http://www.w3.org/2005/Atom" rel="latest-version"
				href="http://saptmdu01.westernacher.hosting.lan:8001/sap/opu/odata/sap/ZYL_SHUNTING_SRV/$metadata"/>
		</Schema>
	</edmx:DataServices>
</edmx:Edmx>