{
    "application": {
        "id": "",
        "title": "com.service.entry.serviceentry.manageserviceentrysheet",
        "description": "test",
        "type": "SAP_UI5_Component",
        "componentUrl": "/",
        "appUrl": "#manageserviceentrysheet-Display",
        "navigationComponentName": "com.service.entry.serviceentry",
        "intentSemanticObject": "manageserviceentrysheet",
        "intentAction": "Display",
        "html5ApplicationName": "manageserviceentrysheet",
        "HCPParentApplicationName": ""
    },
    "assignment": {
        "groups": [
            "d5598c96-90e1-43dd-851a-271cb1074a81-1547802941072"
        ],
        "contentPackages": [
            "ab5b7345-5676-4b08-8619-49b359e1019b-1537790903838"
        ],
        "categories": []
    },
    "tile": {
        "type": "StaticTile",
        "title": "Title",
        "subtitle": "Subtitle",
        "searchKeywords": "Title,Subtitle",
        "displayIconUrl": "sap-icon://accept",
        "displayInfoText": "",
        "size": "1x1",
        "serviceURL": "",
        "refreshInterval": ""
    }
}