{
  "routes": [
    {
      "path": "/resources",
      "target": {
        "type": "service",
        "name": "sapui5",
        "entryPath": "/resources",
        "version": "1.71.36"
      },
      "description": "SAPUI5 Resources"
    },
    {
      "path": "/test-resources",
      "target": {
        "type": "service",
        "name": "sapui5",
        "entryPath": "/test-resources",
        "version": "1.71.36"
      },
      "description": "SAPUI5 Test Resources"
    },
    {
      "path": "/resources",
      "target": {
        "type": "service",
        "name": "sapui5",
        "entryPath": "/resources",
        "version": "1.71.36"
      },
      "description": "SAPUI5 Resources"
    },
    {
      "path": "/test-resources",
      "target": {
        "type": "service",
        "name": "sapui5",
        "entryPath": "/test-resources",
        "version": "1.71.36"
      },
      "description": "SAPUI5 Test Resources"
    },
   
    {
      "path": "/SAP_Gateway",
      "target": {
        "type": "destination",
        "name": "SAP_Gateway"
      },
      "description": "OData provisioning service"
    }
  ],
  "welcomeFile": "/index.html",
  "sendWelcomeFileRedirect": true
}