{
  "welcomeFile": "/webapp/index.html",
  "routes": [{
		"path": "/webapp/resources/com/westernacher/utilscommon",
		"target": {
			"type": "application",
			"name": "utilscommon"
		},
		"description": "Service Helper"
	}, {
		"path": "/resources/com/westernacher/utilscommon",
		"target": {
			"type": "application",
			"name": "utilscommon"
		},
		"description": "Service Helper"
	},
    {
      "path": "/resources",
      "target": {
        "type": "service",
        "name": "sapui5",
        "entryPath": "/resources"
      },
      "description": "SAPUI5 Resources"
    },
    {
      "path": "/test-resources",
      "target": {
        "type": "service",
        "name": "sapui5",
        "entryPath": "/test-resources"
      },
      "description": "SAPUI5 Resources"
    },
    {
      "path": "/webapp/resources",
      "target": {
        "type": "service",
        "name": "sapui5",
        "entryPath": "/resources"
      },
      "description": "SAPUI5 Resources"
    },
    {
      "path": "/webapp/test-resources",
      "target": {
        "type": "service",
        "name": "sapui5",
        "entryPath": "/test-resources"
      },
      "description": "SAPUI5 Test Resources"
    }
  ],
  "sendWelcomeFileRedirect": true
}